game_name,review_text,final_label
Palworld,"Since Pokemon is exclusive to Nintendo, I picked this up instead. I enjoy pokemon, dont get me wrong, however with the price of a switch and the games I cannot afford it. However this game is a lot different as well, and has things that pokemon does not have to offer. I recommend this to anyone who likes RPG open world games. One other thing I would like to add is the price is not out the roof for this title. I got it and have been enjoying it as much as some of these 80 dollar games out there, and would argue this is remarkably better.",positive
Palworld,awesome game I still run my dedicated server to this day,positive
Palworld,get this right now it is absolutely amazing,positive
Palworld,"peak
doesnt get boring during long play sessions",positive
Palworld,The game has many things to do is like pokemon and mincreft,neutral
Palworld,Pretty peak,positive
Palworld,"Good game all in all, bit rough around the edges but that's fine. Only thing that was getting annoying was that assigning summoned Pal to a task is very tedious now after Nintendon't said that it's a no-no to throw a spherical object in anything else than their own games. Luckily mod support fixes that and now I can merrily toss my spheres over the walls once again to defend my base or toss a Jetragon into an enemy camp and nuke it. Or when a buddy asks for more crafting speed I can toss my Pal across the base to the task.
Also the grind gets very tedious after around level 50, exp gain feels minuscule and every bit of new stuff uses loads of new materials that take ages to gather and craft.",neutral
Palworld,i love unpaid labor,positive
Palworld,Why did it take me this long to realize that there was a game where I could enslave pokemon.  I have built a megatower full of slaves and guns. Nintendo would never let me do this. 10/10 would recommend.,positive
Palworld,pew pew pew pew pew bang bang bang brrrrrrrr oh hey look a little critter teehee :3,positive
Palworld,I just caught my first pal this game is awesome,positive
Palworld,Very cute,positive
Palworld,"If you enjoy any pet based game you'll love this game 100,000,000%...",positive
Palworld,Is a chill exprience,positive
Palworld,"[h1]After Being 9 Hours Deep[/h1]
I originally played 8 hours on release day and returning for 1 hour as part of my Steam Roulette series.

I was accomplishing a lot really quickly, constantly getting that dopamine hit, and that’s why I couldn’t stop playing.

I think it’s important to note that the game sells a ""Pokémon with guns"" vibe, but there’s so much more to it than that. It doesn’t feel like a Pokémon game. Yes, there are cute creatures, and yes, you’ll be unaliving those creatures a lot for resources. You’ll also use them to battle and to help around your base.

What stood out to me is the automation. There’s a lot happening where you feel like you’re making progress even when you’re not actively doing anything. It genuinely makes you feel like the boss, like a mafia boss controlling all the Pals you’ve enslaved.

[h1]The Good[/h1]
[list]
[*][b]The crafting survival loop is here[/b] - you’ll never feel like you’re searching for something to do
[*]The game constantly pushes you forward with quests, crafting, capturing new Pals, and exploring
[*]It never feels overwhelming despite having a lot of options
[*][b]Automation is a huge highlight[/b] - your Pals handle tasks while you focus on other things
[/list]

[h1]The Not So Good[/h1]
[list]
[*][b]This is clearly early access[/b]
[*]Pals glitching out and rubber banding
[*]There is a grind element that won’t be for everyone
[*]No real story to get attached to
[*]Very violent - I think this just might straight up turn off some players lol
[*]Text overlapping during gameplay
[/list]

[h1]TLDR[/h1]
This is not Pokémon. This is a crafting survival game where you put your minions to work, and even in early access, it’s incredibly addictive.

[h1]Verdict[/h1]
☐ Skip it
☐ Buy it on sale
☑ Worth it at full price

[quote]
[b]Steam Roulette (Episode 95)[/b]
This is a first impressions review based on my standard 1-hour minimum play session. My rules: play for at least 1 hour and leave a brutally honest review. At the end of the day, this is just my opinion. Take it or leave it.
[/quote]",positive
Palworld,"goo game after i was lost at what to play this really was the game to spend my free time on , u can play it for a long time while still discovering new mechanics , pals and more. Would deff recommend",positive
Palworld,good,positive
Palworld,"Its fun if you like adventure games like minecraft or ark or like pokemon but you want a adventure version to play with your friends
",positive
Palworld,its peak no other words,positive
Palworld,if you miss the 1800's american vibes then i recommend this game for u xD,positive
Palworld,uffffffffffff,neutral
Palworld,"100 hours just in 10 days
most addictive game to me
but can you guys update for searching pal in palbox for better result ?",positive
Palworld,"Esse jogo tinha muito potencial, mas provavelmente vai ser so mais um acumulador de criaturas.
é divertidinho, da pra perder umas horas legais nele, mas é só isso.",neutral
Palworld,"Nice
",positive
Palworld,"this game, is EXTREMLY addicting. there's so many things to do and to see, there's so much in this game and i feel as though i've barely scratched the surface. is so hard to be bored in this game, and if you have friends its even more fun (as long as they arent a sweaty sweat sweat lol)",positive
Palworld,TBA,neutral
Palworld,Love the freedom of tasks and ability to build as you want - specializing in specific tasks per base...Cozy adventure game.,positive
Palworld,One of the best survival games currently in terms of fun. Also  I can kinda play this game in 4k at 60fps medium to high  settings which is nice.,positive
Palworld,;,neutral
Palworld,"Patch v0.7.3.9046 has a flarking RAW combat experience + lots of grind. If you have nothing better to do with your life, go on, give it a try.",negative
Palworld,"Outstanding mechanics. The crafting and industrial mechanism on peak satisfaction. Waiting for more updates to the game. Already wondered all regions in the game, and craving for more regions.",positive
Palworld,very good,positive
Palworld,great game,positive
Palworld,"Had some bugs at launch when I played, but I heard they have gotten better.|

wait for sale.",neutral
Palworld,"If I had to compare Palworld to Pokémon, Palworld is better in most ways but it has big problems.

For a ""Pokémon knock-off"", this is heavily overpriced and not worth that amount. If it was +-10€, even if 15€, I wouldn't say a word.
The game is enjoyable for few hours and then the will to play is gone for the rest of the game.
Imo survival and farming is a big miss, especially if the Pals, even if good are stupidly incapable of farming which make it then extremely annoying to even touch that feature again. 
Dying should be toggled off till Hard Difficulty.
Saddles are limited to few Pals, therefore you cannot even ride your favourite ones even if they could be rideable/flyable.
98% of quests are meaningless and won't help you in anything.
I love however the world building in this game and I had a blast exploring.

I'd still rather stick to Pokémon than this in honesty.",negative
Palworld,Fun buggy survival with cute little monsters.,neutral
Palworld,yes,positive
Palworld,yes but pokemon better,neutral
Palworld,monkey wit da blickie,neutral
Palworld,very good,positive
Palworld,I like the pals,positive
Palworld,FUN,positive
Palworld,REALLY FUN AND ADVENTURES ARE THE BBEST PART,positive
Palworld,grind,negative
Palworld,good game,positive
Palworld,so cute and fun!,positive
Palworld,"thank god this has body type 1 and 2, keep it up you doin a great job :thumbs_up:",positive
Palworld,"evryone says its pokemon with guns, but honestly, it pokemon with guns :)",positive
Palworld,fun game alot to do the grind drags sometimes,positive
Palworld,rilly fun if i had 200000 pc id buy this for all of them,positive
Palworld,chezbotgor,neutral
Palworld,i can make people in this game my slaves pretty great game,positive
Palworld,i like pal,positive
Palworld,"I love this game....

But until they fix the multiplayer crashing issues and actually make it playable with other people, I can't recommend it.",negative
Palworld,"Not gonna say anything it's popularity says everything. Just gonna say one thing

BE AWARE : THIS IS MORE ADDICTING THAN DRINKS!!!",positive
Palworld,"allows me to have my own slaves,so its a peak game fr",positive
Palworld,Very fun game.,positive
Palworld,"goor-game 👍
I await the full release. . .",positive
Palworld,Very fun and relaxing game.,positive
Palworld,Great game,positive
Palworld,its really good but they need to release 1.0 already,positive
Palworld,Puts Nintendo to shame,positive
Palworld,pretty goooood,positive
Palworld,"relaxing,survival,and cute pals who wouldnt want to play",positive
Palworld,Honestly p good,positive
Palworld,honestly p good,positive
Palworld,"Nailed the game! They didn't copy, they improved",positive
Palworld,"It's kind of similar to that ""other"" monster catching game, you know the one, but other than those basic themes the game is completely different on almost ever level. The gameplay is addicting and fun, albeit time consuming at times. A game like Palworld was inevitable and I'm here for it.",positive
Palworld,pals,neutral
Palworld,"Based Pokemon and actually open world when promised to be, There are flaws and things to fix but all in all it great so far and has much room to grow.",positive
Palworld,the volcano gobbled up all of my items and then finished with my spare fire suit 🥀🥀🥀🥀🥀 son im frying😭😭😭,negative
Palworld,Is it literally Pokemon with guns? Yes! Is it also what modern Pokemon should be? Also yes,positive
Palworld,a lot of fun to hop on and see who you can beat,positive
Palworld,anubis sweatshop,neutral
Palworld,"Game is lots of fun, combines aspects of other games and put it together for fun and replayablity!",positive
Palworld,great game fun to play with friends,positive
Palworld,Yeet,neutral
Palworld,it is wonderful game that i have played,positive
Palworld,"Amazing game, combines creature-catching with survival/building mechanics for hours of fun! Looking forward to the full release!",positive
Palworld,nice survival game,positive
Palworld,+1,positive
Palworld,"There is so much that I have enjoyed about this game, a lot of positive things to say, and after I found my Legendary Schematic, I told myself I'd give a review. My focus, Fishing in this game, I have spent so much time fishing. I am so impressed by the challenges of the Master Fishing spots and the enjoyable magnet mini game, if you guys find ways to improve upon this even further, kudos. Very fun.",positive
Palworld,Fun,positive
Palworld,"I’m waiting for Subnautica 2, so I ended up playing Palworld.

Palworld: Wtf is this monster?
Subnautica: Wtf is this monster?

Palworld: Why did I just drop this rock?
Subnautica: Why did I just find this rock?

Palworld: Why is there glitter on the water?
Subnautica: Why is there magma under the water?

Palworld: Oh, a mountain. Time to build a base.
Subnautica: Oh, land. Time to build a base.

Different vibes. Same confusion.

I miss Subnautica…",neutral
Palworld,Have wanted a game like this ever since I had a gameboy color and played something pretty similar ;),positive
Palworld,very good,positive
Palworld,z,neutral
Palworld,"Optimized badly, fun to play",neutral
Palworld,Great game just wish it was more playable on low end pc's,positive
Palworld,"Day 1
- chop tree
- chase some sheep
- sheep leads me to green elephant
- aggro'd said elephant
- lost my 6 wood and 3 eggs
10/10 would do it all over again",positive
Palworld,I love this game.,positive
Palworld,very very good a,positive
Palworld,"very nice game
",positive
Palworld,it just good,positive
Palworld,very good,positive
Palworld,pokemon,neutral
Palworld,"kinda mid, ngl...",negative
Palworld,not gone lie i enjoy this game deeply only issue i have is that i want more pals more skills to teach the pals and more build verity,positive
Palworld,Love Palworld,positive
Dota 2,good game,positive
Dota 2,i like the game its my first game of this type and i have enjoyed it a lot,positive
Dota 2,i will not recommend this game to anyone as the match making system is too messed up which will make u stressed than a relaxing game .. this game is strictly recommended only for people with 5 man party and not for solo... u will get trapped in a endless loop if u want to play this solo.. again this is not a game for solo gaming.. they will trap you .. psychology behind is rage baiting u with more skilled opponents that will eventually make u addicted or make u feel inferior. trust me i have 15000 hours of play time in this game.,negative
Dota 2,good for stress release,positive
Dota 2,I LOVE THIS FREAKING GAME!!!!,positive
Dota 2,ငိုးမ,neutral
Dota 2,This game made me lose a lot of HAIR!,negative
Dota 2,"My life is ruled by a lizard, everyone in the game hates me, and I missed the birth of my child in order to  go 1-13-4 on Anti Mage because I paid too much money over half a decade ago. Like a solid 3.2/10 I see why League of Legends copied this.",negative
Dota 2,"the game is so good that i do not hesitate to unstall it
",negative
Dota 2,khalo pizdetya,negative
Dota 2,The Best Game,positive
Dota 2,g,neutral
Dota 2,не рекомендую,negative
Dota 2,dont install this game,negative
Dota 2,SO ♥♥♥♥♥♥♥ LIKJE,positive
Dota 2,This game is the answer if you want to stagnate your life. Nothing beats it.,negative
Dota 2,"Stupid behaviour system. You can do everything perfectly, play perfectly, you can be on a winning streak of 13+ games, and still get mass voted by clan salts, and lose 1000 behaviour per game even though you win the game. A game where u can do nothing wrong, no toxic chat, no toxic behaviour and still lose score just because someone else was salty. Pathetic devs excuse to keep their friends safe from new comers. 

I lost 1000 points in a game where I went 22/2/23. Eventually you can't even play ranked because the bahaviour system doesn't care for the reason where someone reported you or if it is valid, you just lose points if a clan reports you all at once.",negative
Dota 2,"unbalanced , im sure its always this way but it is what it is",negative
Dota 2,The team matchups are poor and valve does not seem to adjust.,negative
Dota 2,ukininam,neutral
Dota 2,No,negative
Dota 2,удалите вежливость и систему 50 на 50,negative
Dota 2,Thank you lord Gaben,positive
Dota 2,Удалю,negative
Dota 2,Играю имба меня пабили в пятером,negative
Dota 2,zzzzzzzzzz,neutral
Dota 2,Dota is everything for me,positive
Dota 2,"fun GAME
",positive
Dota 2,чотка игруля,positive
Dota 2,Крутая игра,positive
Dota 2,Zалупа,negative
Dota 2,I got this  faaaaaaaaaaaaaaaaaaaaaaaaaaaaaaaaaaaaaaaaaaaaa,neutral
Dota 2,lekker game just some toxic players. dont listen to them,positive
Dota 2,"i played 8 years of dota ,,, imagin i do this time on something like edit or other jobs stuff ,, Damn , nvm lets play DOTA",positive
Dota 2,This game ♥♥♥♥♥♥ sucks,negative
Dota 2,do not play this ♥♥♥♥,negative
Dota 2,"I was clinically depressed for 10 years. All I did was play Dota 2  my only source of ""fun"" and encouragement.
After quitting for years, I finally went back to my doctor. He took one look at me and was completely shocked...
...because I'm now 100% better. Turns out the real cure wasn't therapy or medication. It was just stopping Dota 2. Who knew my biggest enemy wasn't the enemy team  it was the game itself. 😂",negative
Dota 2,"since everybody play Mobile Legend Bang Bang, I do want to try mouse and keyboard, they say sniper is best hero for beginner, I say Lina is the best with Eul's Scepter of Divinity item and Arcane Boots, the weakness is Ganking of course, just play Dota on April 2026 and its good, using modded offline with bot to train with all skin unlocked, but playtime is still counted even I never play with real people, still find something to learn in DOTA 2 even on 2026.",positive
Dota 2,retarded devs tbh,negative
Dota 2,"Very friendly community, always people teaching you things. Like how to uninstall the game. Or asking about your families. especially your mom.",negative
Dota 2,"Did I leave a review already? Anyways, it's a great game for stress relief, just don't take things too seriously and just let your teammates do their own things",positive
Dota 2,Dendi Pudge GOAT,positive
Dota 2,"Like it or not, so far this is the best humanity has to offer in a competitive game.",positive
Dota 2,Playing this game is bad for my future,negative
Dota 2,no,negative
Dota 2,the best game ever for long long time... it enhances your mind and patience...,positive
Dota 2,"very nice game ]
",positive
Dota 2,GG,neutral
Dota 2,GGWP,positive
Dota 2,Great game,positive
Dota 2,very good,positive
Dota 2,из-за карлитоса меня забанили,negative
Dota 2,this game ♥♥♥♥ 1000 hours for tutorial ♥♥♥♥ mf dont play this game before it ruin your life,negative
Dota 2,It's nice.,positive
Dota 2,bad,negative
Dota 2,be toxic,negative
Dota 2,"Surprisingly unstable. Crashes a lot, and when it does it counts it as you abandoning a match, which gives you matchmaking cooldown.",negative
Dota 2,"Just wow only played for 3 hour and already understand what game it is. You can play really good like top frag, but it is a team game so even though you top frag you still lose because of a DUMB TEAMATES ahhhhhhhh!!!!!",negative
Dota 2,asa,neutral
Dota 2,best,positive
Dota 2,szcszczs,neutral
Dota 2,nice,positive
Dota 2,this game ruined my life,negative
Dota 2,Dota 2! This game is just for me! I want to play Dota 2! I AM GHOUL KANEKI KEN ZXC 1000-7! SUKA BL A Y T!,neutral
Dota 2,"Очень информативная игра. Поиграл 8 часов, узнал от друзей, где находится и работает моя мать, от тимейтов услышал отзывы о ней, а от второго отца получил пизды. Игра топ",negative
Dota 2,impossible to up solo rating and no motivation for play,negative
Dota 2,da,neutral
Dota 2,fgas,neutral
Dota 2,игра ♥♥♥♥♥,negative
Dota 2,"Feeling useless in life?
Just turn on Dota 2 and watch how your teammates play.
:)
",negative
Dota 2,i dont like this game (10k+ hours played),negative
Dota 2,good,positive
Dota 2,"BUNAL KAAYO! MAKA GUBAG UTOK
",negative
Dota 2,Dota 2! This game is just for me! I want to play Dota 2! I AM GHOUL KANEKI KEN ZXC 1000-7! SUKA BL A Y T !,neutral
Dota 2,a,neutral
Dota 2,"Dont play. Takes up too much time. I have played for 2270 hours i.e. 3 months, which I will never get back. 
Anyways my match is ready. GGWP.",negative
Dota 2,"i've played league since 2013. dota is better but less casual. voice chat is amazing, if you don't like it just turn it off.",positive
Dota 2,don't play this game,negative
Dota 2,(◕‿◕),neutral
Dota 2,This game hurts my feelings :(,negative
Dota 2,League of Legends < Dota 2 - switched after playing league since 2010,positive
Dota 2,Good game.,positive
Dota 2,its fine,neutral
Dota 2,"DOBAR
",positive
Dota 2,Dota 2! This game is just for me! I want to play Dota 2! I am Ghoul Kaneki Ken ZXC 1000-7! SUKA BL A Y T!,neutral
Dota 2,kalo udah jago gw ganti jadi yes,neutral
Dota 2,"Absolutely amazing game, I've played every game mode, a ton of arcade, and even with only 50fps I still enjoy playing this game.",positive
Dota 2,Too many bots in rank matches that will ruin your experience I love the game but like this kind of exploit it spoils the fun before even its frustrating and hard to play it satisfying now its like a nightmare due to the bots that do mmr farming or bots that intentionally feed and do the same routine over and over again until you lose which sucks I will change this if bots are not in the game anymore,negative
Dota 2,good game,positive
Dota 2,"nightmare
",negative
Dota 2,dota,neutral
Dota 2,Braindead monkeys ruin game and life should be bombed constantly,negative
Dota 2,wowoweee,neutral
Dota 2,"almost 3k hours, I'm enjoying the game even I'm a long timer dota1 player. Icefrog please comeback",positive
Dota 2,"good
",positive
Dota 2,the game,neutral
Dota 2,Let's ♥♥♥♥♥♥♥ go!!!,positive
Dota 2,"9k hours later, you'll shout at friends, get shouted at by randoms (and friends) hate yourself and your life and then have another game anyway.",negative
Dota 2,and i'm baaacckk!,positive
Dota 2,fun game if you do not take it too srsly.,positive
Counter-Strike 2,WW,neutral
Counter-Strike 2,hard to do a trade up or cant even ask for,negative
Counter-Strike 2,nice russian n words game,negative
Counter-Strike 2,9 enemies and You,negative
Counter-Strike 2,This game is so good that I want to my teammates to blitzcrank ult themselves in a bathtub,negative
Counter-Strike 2,nice,positive
Counter-Strike 2,avery match has a russian guy the cursing at you,negative
Counter-Strike 2,mari,neutral
Counter-Strike 2,very nica game i hope it doesn't suck me in and destroy my mental health :D,neutral
Counter-Strike 2,GOOD GAME!,positive
Counter-Strike 2,"It is a very nice fps game. It is competetive and chill so its good for both, competition and chilling. Its a must to try this game out.",positive
Counter-Strike 2,-rep,negative
Counter-Strike 2,ass,negative
Counter-Strike 2,cs go is better,negative
Counter-Strike 2,"is ♥♥♥♥ game but cool ♥♥♥♥♥
",neutral
Counter-Strike 2,♥♥♥♥ valve,negative
Counter-Strike 2,this game is good but i have alot of triangles on my screen cause im playing on a dell 750 gpu but if i didnt have triangles on my screen i would carry,positive
Counter-Strike 2,amazinnngggggg $),positive
Counter-Strike 2,?????,neutral
Counter-Strike 2,"This is honestly one of the worst games I’ve ever played. It wasn’t fun a year ago, it’s not fun now, and I don’t see that changing anytime soon. If you play, expect to run into a cheater every few matches. And on top of that, you have to pay just to access servers with *fewer* cheaters—not none, just slightly less. Save your time.",negative
Counter-Strike 2,WW,neutral
Counter-Strike 2,gud gama,positive
Counter-Strike 2,Good！,positive
Counter-Strike 2,WW,neutral
Counter-Strike 2,masterpiece,positive
Counter-Strike 2,WW,neutral
Counter-Strike 2,its a fun game,positive
Counter-Strike 2,melhor jogo de tiro,positive
Counter-Strike 2,WW,neutral
Counter-Strike 2,Es un juego de mierda pero como la droga,negative
Counter-Strike 2,My Life..,neutral
Counter-Strike 2,good2,positive
Counter-Strike 2,"crazy cheaters every game
",negative
Counter-Strike 2,WW,neutral
Counter-Strike 2,so good,positive
Counter-Strike 2,WW,neutral
Counter-Strike 2,best pvp     with long story,positive
Counter-Strike 2,WW,neutral
Counter-Strike 2,bankrupt,negative
Counter-Strike 2,i,neutral
Counter-Strike 2,git,neutral
Counter-Strike 2,WW,neutral
Counter-Strike 2,THEE BESTT GAMEE EVERR,positive
Counter-Strike 2,WW,neutral
Counter-Strike 2,good game retarted teamates that make you go insane while the other team is cracked,negative
Counter-Strike 2,WW,neutral
Counter-Strike 2,dawd,neutral
Counter-Strike 2,bingo bango bish bash bosh,neutral
Counter-Strike 2,everything,neutral
Counter-Strike 2,WW,neutral
Counter-Strike 2,"BEST GAME 
",positive
Counter-Strike 2,they snapped,positive
Counter-Strike 2,WW,neutral
Counter-Strike 2,25 acceptable ping doesnt get rid of the russians -rep,negative
Counter-Strike 2,"so many hackers , dont play",negative
Counter-Strike 2,good game,positive
Counter-Strike 2,wscwA,neutral
Counter-Strike 2,BY QWEX,neutral
Counter-Strike 2,best game ever!,positive
Counter-Strike 2,"gun game
 make me go
 dopamine frenzy
yeehaa",positive
Counter-Strike 2,everyone on this game is kinda gay,negative
Counter-Strike 2,1121,neutral
Counter-Strike 2,"11111111111111111
",neutral
Counter-Strike 2,"PLAYING CAS FOR THE WEEKLY DROP ITS 7-6 I KILL A 40 YEAR OLD THROUGH A SMOKE HE SAYS IM CHEATING I GET KICKED... 20 MINS WASTED 0 XP GREAT GAME...
",negative
Counter-Strike 2,"this game 
is full of rusians but its goooood
",positive
Counter-Strike 2,wow,positive
Counter-Strike 2,russia,neutral
Counter-Strike 2,AMAZING,positive
Counter-Strike 2,nice,positive
Counter-Strike 2,"nc game 
",positive
Counter-Strike 2,"Cool game to learn how to control magic, because only this way you can shoot directly in the head and not cause any damage to the enemy. I recommend it!",negative
Counter-Strike 2,yes,positive
Counter-Strike 2,"It's free, go play already",positive
Counter-Strike 2,"its is a very good game
",positive
Counter-Strike 2,W volvo,positive
Counter-Strike 2,awesome game. hoping more cheaters gets banned though for better game exp,positive
Counter-Strike 2,Sniper spotted,neutral
Counter-Strike 2,mast game,positive
Counter-Strike 2,It's alright,neutral
Counter-Strike 2,Hate love relationship with this game,neutral
Counter-Strike 2,👍,positive
Counter-Strike 2,best game.... but alot of cheater,positive
Counter-Strike 2,Blyat ♥♥♥♥♥,negative
Counter-Strike 2,класс.,positive
Counter-Strike 2,this game so much better then valorant,positive
Counter-Strike 2,"its very good game
",positive
Counter-Strike 2,ok,neutral
Counter-Strike 2,"Decent game good mechanics, hackers are everywhere though
",neutral
Counter-Strike 2,good games,positive
Counter-Strike 2,"Five strong men burst into a so-called ""plant"" where five other strong men are, and start giving each other cumshots... Or headshots, depending on who gets lucky...",neutral
Counter-Strike 2,aura avacado,neutral
Counter-Strike 2,.,neutral
Counter-Strike 2,dadadadada,neutral
Counter-Strike 2,Please ban the cheaters in a premeire mode,negative
Counter-Strike 2,Fcking hell,negative
Counter-Strike 2,"rakamakafo
",neutral
Counter-Strike 2,"The game is really cool. After 250 hours, I still haven't figured out how to walk, the top-down view is really not great. A lot of characters to choose from is really awesome. I think I'll play a couple more matches and then go into esports, they say it's cool there.",negative
Counter-Strike 2,32 Hours play with Bot,neutral
Counter-Strike 2,yes i recommend but if there was a better anticheat and less cheaters,positive
Counter-Strike 2,i like too much this game,positive
